{
    "Player": {
        "ArmL Translation": [
            0.4000000059604645,
            1.5,
            -0.15000000596046448
        ],
        "ArmR Translation": [
            -0.4000000059604645,
            1.5,
            -0.15000000596046448
        ],
        "Head Translation": [
            2.0,
            1.7999999523162842,
            0.0
        ],
        "Test": 47
    }
}
